,slope,intercept,rvalue,pvalue,stderr
0,0.000895053368663845,0.005500425306305358,0.5777536281618431,1.930441667671361e-25,7.723984792595605e-05
