,slope,intercept,rvalue,pvalue,stderr
0,0.0008739897546361812,8.844386107101799e-05,0.5841313066248105,4.266354030115268e-26,7.418261936002925e-05
