,slope,intercept,rvalue,pvalue,stderr
0,0.0003325590592479119,0.02759778022143322,0.5426250943029093,4.493448242096797e-22,3.144617840745053e-05
