,slope,intercept,rvalue,pvalue,stderr
0,0.000296098401304688,0.01608120898356426,0.6191017772209709,5.811515374938372e-30,2.294289210372497e-05
