,slope,intercept,rvalue,pvalue,stderr
0,0.00021174065013295312,0.023982181035128426,0.6247126873085102,1.253516672128189e-30,1.6166899785718987e-05
