,slope,intercept,rvalue,pvalue,stderr
0,0.0013412548825657965,0.02294580551491708,0.4925193545966061,6.632011116678643e-18,0.00014477392366518476
