,slope,intercept,rvalue,pvalue,stderr
0,0.0012548178934269222,0.009160780077291202,0.6169833120372624,1.0287942814360889e-29,9.776907484546666e-05
