,slope,intercept,rvalue,pvalue,stderr
0,0.000963235720574133,0.01927385504371037,0.630039511264778,2.8382789637915164e-31,7.252272843260305e-05
