,slope,intercept,rvalue,pvalue,stderr
0,0.0012782622426322132,0.009465262379056594,0.6250888967413707,1.129742906290747e-30,9.750199275659583e-05
