,slope,intercept,rvalue,pvalue,stderr
0,0.0009937836246905424,0.020113576665597425,0.6379801561434836,2.9365893461571793e-32,7.32719542928468e-05
