,slope,intercept,rvalue,pvalue,stderr
0,0.00030157792913709027,0.02010789722824267,0.6228982889129737,2.0654893288456464e-30,2.3136087732938095e-05
