,slope,intercept,rvalue,pvalue,stderr
0,0.0005149644525991296,0.020746628460049946,0.3519956974032766,2.706097825461022e-09,8.364675523330073e-05
