,slope,intercept,rvalue,pvalue,stderr
0,0.00020692277577944417,0.022365383588884798,0.6125132287366499,3.385129554550852e-29,1.6311936010782185e-05
