,slope,intercept,rvalue,pvalue,stderr
0,0.0003453814764724836,0.027260262973952943,0.5606593574257249,9.418911503516323e-24,3.1159273307297256e-05
