,slope,intercept,rvalue,pvalue,stderr
0,0.0013447144163531571,0.026732256828810034,0.4905655717298449,9.347834138415423e-18,0.00014591007708689583
