,slope,intercept,rvalue,pvalue,stderr
0,0.000538229278091574,0.021105204615567745,0.36955910869243275,3.667055608159919e-10,8.266631677363494e-05
